{
    "faces":[40,0,1,2,0,1,2,0,0,0,40,1,0,3,1,0,3,0,0,0,40,4,5,6,4,5,6,1,2,2,40,5,4,7,5,4,7,2,1,1,40,8,9,10,8,9,10,3,4,4,40,9,8,11,9,8,11,4,3,5,40,12,13,14,12,13,14,6,6,6,40,13,12,15,13,12,15,6,6,6,40,16,17,18,16,17,18,7,8,9,40,17,16,19,17,16,19,8,7,8,40,20,21,22,20,21,22,10,11,11,40,21,20,23,21,20,23,11,10,10,40,24,25,26,24,25,26,12,12,12,40,25,24,27,25,24,27,12,12,12,40,28,29,30,28,29,30,13,14,15,40,29,28,31,29,28,31,14,13,14,40,32,33,34,32,33,34,16,17,17,40,33,32,35,33,32,35,17,16,16,40,36,37,38,36,37,38,18,18,18,40,37,36,39,37,36,39,18,18,18,40,40,41,42,40,41,42,19,20,20,40,41,40,43,41,40,43,20,19,19,40,44,45,46,44,45,46,21,21,22,40,45,44,47,45,44,47,21,21,21,40,48,49,50,48,49,50,23,23,24,40,49,48,51,49,48,51,23,23,25,40,52,53,54,52,53,54,26,27,27,40,53,52,55,53,52,55,27,26,28,40,56,57,58,56,57,58,29,29,29,40,57,56,59,57,56,59,29,29,29,40,60,61,62,60,61,62,30,30,30,40,61,60,63,61,60,63,30,30,30,40,64,65,66,64,65,66,31,31,31,40,65,64,67,65,64,67,31,31,31],
    "uvs":[[235.413,821.831,152.882,31.1128,262.924,31.1128,180.393,821.831,210.929,716.804,180.393,676.911,235.413,676.911,204.877,716.804,77.7463,543.346,47.2097,503.453,102.231,503.453,71.694,543.346,19.6993,21.2799,102.231,811.998,47.2097,811.998,129.741,21.2799,9.2191,-121.8,129.741,-100.057,19.6993,-100.057,140.221,-121.8,9.2191,11.3959,140.221,0.3723,140.221,11.3959,9.2191,0.3723,273.404,11.3959,142.402,0.3723,273.404,0.3723,142.402,11.3959,262.924,36.1709,142.402,14.4284,273.404,14.4284,152.882,36.1709,-129.741,100.367,-9.2191,78.6243,-19.6993,100.367,-140.221,78.6243,-19.6993,35.7465,-102.231,826.465,-129.741,35.7465,-47.2097,826.465,-9.2191,0.3723,-140.221,11.3959,-140.221,0.3723,-9.2191,11.3959,173.15,-130.896,177.062,-138.509,178.912,-132.746,171.299,-136.658,-77.7463,798.544,-47.2097,758.651,-71.694,798.544,-102.231,758.651,-204.877,625.086,-235.413,585.193,-180.393,585.193,-210.929,625.086,-152.882,-35.8614,-273.404,-57.6038,-142.402,-57.6038,-262.924,-35.8614,-180.393,816.632,-262.924,25.9135,-152.882,25.9135,-235.413,816.632,-273.404,0.3723,-142.402,11.3959,-273.404,11.3959,-142.402,0.3723]],
    "metadata":{
        "uvs":1,
        "normals":32,
        "faces":34,
        "type":"Geometry",
        "generator":"io_three",
        "vertices":68,
        "version":3
    },
    "normals":[-0.999023,0.040803,0.016663,-0.785668,0.618488,0.011994,-0.785699,0.618488,0.011994,0.016938,0.615162,0.788202,0.016907,0.615192,0.788171,0.016968,0.615131,0.788202,0.016938,0.036622,0.999176,0.017548,0.483596,0.875088,0.017579,0.483596,0.875088,0.017548,0.483627,0.875088,0.016755,0.001801,0.999847,0.016755,0.001862,0.999847,-0.999817,0.006012,0.016724,-0.873104,0.487289,0.013733,-0.873104,0.487289,0.013703,-0.873104,0.487259,0.013733,-0.01178,0.480361,-0.87698,-0.01178,0.480361,-0.876949,-0.016541,0.032929,-0.999298,-0.016755,-0.001862,-0.999847,-0.016755,-0.001801,-0.999847,-0.005982,-0.999969,0.001892,-0.006012,-0.999969,0.001892,-0.009552,0.612262,-0.790582,-0.009583,0.612293,-0.790551,-0.009522,0.612232,-0.790582,0.793054,0.608966,-0.014344,0.793054,0.608936,-0.014405,0.793023,0.608997,-0.014313,0.878903,0.476699,-0.015595,0.99942,0.028748,-0.016785,0.999817,-0.006012,-0.016724],
    "vertices":[-0.029199,1.0559,0.027951,-0.072469,0.039325,-0.07563,-0.070097,0.039587,0.065915,-0.030385,1.05577,-0.042821,0.002009,1.09617,-0.004149,-0.030385,1.05577,-0.042821,-0.029199,1.0559,0.027951,0.001879,1.09616,-0.011934,0.009794,1.09613,-0.00428,-0.029199,1.0559,0.027951,0.041572,1.05548,0.026766,0.002009,1.09617,-0.004149,-0.070097,0.039587,0.065915,0.041572,1.05548,0.026766,-0.029199,1.0559,0.027951,0.071446,0.038733,0.063544,-0.083498,0.015187,0.079669,0.071446,0.038733,0.063544,-0.070097,0.039587,0.065915,0.085005,0.01417,0.076846,-0.083498,0.015187,0.079669,0.08492,-1.2e-05,0.076874,0.085005,0.01417,0.076846,-0.083583,0.001006,0.079696,-0.083498,0.015187,0.079669,-0.086408,0.000694,-0.088809,-0.083583,0.001006,0.079696,-0.086323,0.014875,-0.088837,-0.070097,0.039587,0.065915,-0.086323,0.014875,-0.088837,-0.083498,0.015187,0.079669,-0.072469,0.039325,-0.07563,0.069073,0.038471,-0.078001,-0.086323,0.014875,-0.088837,-0.072469,0.039325,-0.07563,0.08218,0.013858,-0.091659,-0.072469,0.039325,-0.07563,0.040386,1.05534,-0.044007,0.069073,0.038471,-0.078001,-0.030385,1.05577,-0.042821,-0.086408,0.000694,-0.088809,0.08218,0.013858,-0.091659,0.082095,-0.000324,-0.091632,-0.086323,0.014875,-0.088837,0.001879,1.09616,-0.011934,0.009794,1.09613,-0.00428,0.002009,1.09617,-0.004149,0.009664,1.09611,-0.012065,0.009664,1.09611,-0.012065,-0.030385,1.05577,-0.042821,0.001879,1.09616,-0.011934,0.040386,1.05534,-0.044007,0.009664,1.09611,-0.012065,0.041572,1.05548,0.026766,0.040386,1.05534,-0.044007,0.009794,1.09613,-0.00428,0.069073,0.038471,-0.078001,0.085005,0.01417,0.076846,0.08218,0.013858,-0.091659,0.071446,0.038733,0.063544,0.040386,1.05534,-0.044007,0.071446,0.038733,0.063544,0.069073,0.038471,-0.078001,0.041572,1.05548,0.026766,0.08492,-1.2e-05,0.076874,0.08218,0.013858,-0.091659,0.085005,0.01417,0.076846,0.082095,-0.000324,-0.091632]
}